Region,Year,Month,Area_Planted,Olive_Variety,Irrigation_Method,Soil_Type,Fertilizer_Used,Pesticides_Used,Tmin,Tmax,Tmean,Precipitation,Sunshine_Hours,Labor_Cost,Market_Price,Production
Tizi Ouzou,2001,10,140.13,Arbequina,Rain-fed,Loamy,247.53,46.37,12.12,38.17,25.14,125.21,235.46,621.4,3.0,197.83
Ouargla,2019,12,296.05,Frantoio,Flood,Sandy,70.15,29.64,8.77,26.72,17.74,83.25,313.73,652.17,2.3,526.91
Alger,2009,12,90.87,Frantoio,Rain-fed,Loamy,73.23,18.61,9.6,38.37,23.98,120.48,164.87,239.51,4.32,167.91
Ouargla,2002,1,194.02,Sigoise,Drip,Loamy,97.02,48.27,12.65,25.92,19.29,94.68,332.14,738.18,2.71,406.83
Alger,2000,9,220.07,Frantoio,Flood,Sandy,109.34,30.77,7.84,33.36,20.6,76.17,214.65,384.4,4.77,469.47
Ouargla,2014,5,48.27,Manzanilla,Sprinkler,Rocky,70.64,11.58,8.46,31.61,20.04,62.29,211.64,920.66,3.13,98.8
Skikda,2005,11,477.31,Chemlal,Flood,Clay,204.89,31.29,10.77,32.16,21.46,52.0,162.88,307.78,4.76,885.62
Ouargla,2019,12,334.27,Ascolana Tenera,Rain-fed,Clay,96.35,24.71,6.99,37.46,22.23,29.46,301.59,951.96,4.88,725.82
Annaba,2015,6,100.06,Picholine,Drip,Loamy,197.69,49.92,5.12,26.8,15.96,140.39,268.67,566.5,4.22,136.89
Batna,2010,2,368.45,Ascolana Tenera,Sprinkler,Loamy,145.82,17.69,11.89,27.13,19.51,72.98,172.48,563.2,2.42,791.14
Tizi Ouzou,2002,4,399.76,Limli,Flood,Loamy,170.47,32.91,11.06,34.29,22.68,62.67,193.76,834.89,2.21,623.31
Tlemcen,2006,10,48.3,Picholine,Drip,Rocky,80.52,44.38,8.08,31.6,19.84,8.55,233.48,250.79,1.5,108.32
Constantine,2017,1,323.64,Picholine,Sprinkler,Loamy,264.34,13.58,14.11,38.81,26.46,40.81,195.54,277.36,1.86,384.92
Tizi Ouzou,2012,6,450.2,Arbequina,Sprinkler,Rocky,80.34,12.24,13.95,29.56,21.75,50.96,343.38,697.19,3.26,517.55
Constantine,2003,11,202.39,Frantoio,Flood,Clay,76.95,24.68,14.64,26.06,20.35,30.83,286.33,874.73,2.13,309.86
Mostaganem,2010,4,424.73,Chemlal,Drip,Loamy,105.06,23.13,13.72,39.0,26.36,72.9,183.25,355.31,3.84,858.55
Skikda,2017,1,166.29,Sigoise,Drip,Sandy,117.06,29.11,8.45,31.04,19.74,89.35,312.49,527.4,1.7,217.5
M'Sila,2018,1,112.27,Chemlal,Drip,Sandy,251.72,23.84,7.46,39.0,23.23,1.42,248.68,827.3,3.32,277.47
Tiaret,2015,5,42.17,Sigoise,Rain-fed,Rocky,244.38,36.84,13.87,34.57,24.22,139.5,254.43,712.87,2.46,51.81
Jijel,2003,5,282.15,Ascolana Tenera,Drip,Sandy,164.91,37.49,13.25,26.58,19.91,140.45,275.09,377.42,1.36,362.97
Annaba,2012,3,293.6,Limli,Flood,Rocky,165.3,38.62,14.93,34.35,24.64,40.12,279.59,621.32,1.33,282.92
Béjaïa,2017,5,372.45,Zitouna,Sprinkler,Clay,136.36,41.93,11.82,27.64,19.73,46.39,238.78,628.82,2.8,791.41
Sétif,2019,10,280.34,Picholine,Sprinkler,Rocky,290.03,31.71,10.48,28.42,19.45,85.8,279.15,431.18,3.98,427.17
Mostaganem,2001,3,481.59,Zitouna,Drip,Sandy,156.59,30.12,7.96,37.76,22.86,61.42,273.75,528.44,4.53,1056.71
Annaba,2002,7,445.86,Ascolana Tenera,Flood,Clay,146.02,23.45,11.05,27.84,19.45,93.87,238.1,484.46,3.98,452.04
Tiaret,2012,7,113.39,Zitouna,Sprinkler,Sandy,216.77,16.89,8.0,25.31,16.66,134.63,317.21,706.21,1.49,158.09
Ouargla,2011,12,206.15,Ascolana Tenera,Rain-fed,Clay,278.82,45.74,14.65,38.91,26.78,145.51,276.54,396.77,2.13,235.77
Tiaret,2003,12,71.9,Azeradj,Rain-fed,Clay,77.68,41.24,11.64,31.6,21.62,27.77,272.47,376.0,2.44,104.75
Constantine,2010,9,371.41,Zitouna,Rain-fed,Sandy,132.31,40.03,9.96,38.82,24.39,102.9,343.9,840.08,3.14,616.18
Annaba,2018,6,221.32,Sigoise,Drip,Clay,237.14,40.24,7.43,28.03,17.73,56.83,209.38,234.89,2.64,394.96
Jijel,2008,1,325.45,Limli,Rain-fed,Clay,166.12,31.33,11.69,39.97,25.83,37.97,203.2,900.62,4.27,781.63
M'Sila,2019,4,253.96,Manzanilla,Rain-fed,Clay,97.34,11.97,7.69,35.88,21.79,137.97,262.04,750.32,3.31,359.76
Mostaganem,2014,12,354.59,Chemlal,Drip,Rocky,236.27,41.61,11.38,32.52,21.95,123.68,346.47,743.06,1.17,494.24
Oran,2011,2,170.1,Picholine,Drip,Rocky,218.52,19.53,7.58,25.42,16.5,46.09,274.84,578.02,2.66,371.24
Jijel,2002,2,32.44,Azeradj,Flood,Clay,169.24,11.71,6.88,36.27,21.58,92.11,230.0,608.05,1.32,45.59
Jijel,2018,9,357.86,Frantoio,Flood,Rocky,287.14,11.83,12.67,34.04,23.36,107.09,342.82,382.33,4.47,531.79
Skikda,2001,2,370.01,Picholine,Sprinkler,Rocky,148.59,44.94,6.15,39.36,22.75,97.21,231.4,214.92,2.95,899.71
Tiaret,2007,11,405.67,Manzanilla,Flood,Loamy,234.09,30.2,5.58,34.06,19.82,22.86,229.58,363.19,3.82,715.58
Béjaïa,2002,12,258.76,Frantoio,Drip,Rocky,182.17,33.61,8.69,26.2,17.45,115.13,239.91,967.45,4.27,461.67
Oran,2003,1,167.8,Limli,Flood,Sandy,172.62,20.92,11.82,33.22,22.52,88.13,261.5,864.57,4.93,168.86
Sétif,2000,10,242.1,Zitouna,Drip,Clay,279.04,38.11,5.96,39.02,22.49,128.9,261.47,954.08,3.81,542.14
Annaba,2010,6,111.54,Limli,Drip,Loamy,264.35,12.02,13.78,33.06,23.42,16.75,295.44,596.42,2.05,275.85
Jijel,2006,5,254.21,Arbequina,Drip,Rocky,295.92,14.9,12.43,26.21,19.32,90.83,215.11,472.01,2.8,394.4
Béjaïa,2002,4,411.87,Limli,Rain-fed,Clay,288.93,45.67,7.96,34.75,21.36,85.11,218.4,288.72,1.71,563.77
Biskra,2016,11,276.26,Ascolana Tenera,Rain-fed,Sandy,186.11,19.82,10.95,38.14,24.55,14.59,157.06,647.75,4.4,464.61
Tizi Ouzou,2001,3,309.56,Frantoio,Flood,Loamy,147.87,26.02,8.23,32.76,20.49,129.18,262.08,258.26,4.56,771.93
Tizi Ouzou,2007,9,135.07,Manzanilla,Rain-fed,Rocky,272.52,38.24,6.54,38.51,22.52,10.13,249.31,636.21,1.54,325.53
Annaba,2015,7,409.03,Chemlal,Rain-fed,Clay,151.55,42.46,11.4,29.45,20.43,104.15,244.37,221.71,1.22,674.24
Mascara,2010,5,309.61,Chemlal,Flood,Loamy,241.6,48.71,6.26,35.81,21.04,48.56,313.3,372.93,2.57,291.4
Mascara,2011,12,431.8,Arbequina,Drip,Rocky,278.32,17.75,6.62,28.41,17.52,101.26,309.46,419.0,1.89,840.8
Sétif,2012,6,453.26,Ascolana Tenera,Flood,Loamy,196.93,33.2,12.15,37.34,24.75,94.39,302.72,585.46,4.31,795.87
Jijel,2004,3,23.05,Frantoio,Drip,Sandy,51.13,44.43,9.62,28.0,18.81,75.06,231.62,256.81,1.77,41.39
Jijel,2016,5,103.69,Ascolana Tenera,Drip,Clay,92.74,27.29,8.35,36.85,22.6,91.02,221.7,412.68,1.64,153.81
Ouargla,2016,8,235.26,Azeradj,Flood,Sandy,201.18,18.47,14.14,32.94,23.54,7.67,247.03,336.06,2.96,341.67
Jijel,2014,2,156.63,Azeradj,Sprinkler,Loamy,172.96,22.34,11.22,32.71,21.96,56.38,166.15,333.43,4.88,241.75
Alger,2002,2,448.87,Manzanilla,Sprinkler,Sandy,151.35,35.16,8.72,29.86,19.29,66.47,161.81,236.58,3.05,679.36
Ouargla,2019,8,115.0,Frantoio,Flood,Loamy,295.52,46.52,9.26,39.19,24.22,13.82,183.03,901.9,4.27,213.79
Constantine,2001,3,267.63,Frantoio,Sprinkler,Rocky,289.58,10.29,10.99,35.59,23.29,38.45,253.07,922.36,4.3,364.2
Ghardaïa,2018,9,140.22,Picholine,Sprinkler,Rocky,105.08,28.01,13.79,27.97,20.88,146.82,337.93,462.83,4.87,328.32
Ghardaïa,2017,11,485.68,Sigoise,Flood,Clay,285.73,23.64,12.8,36.2,24.5,117.27,244.34,558.53,1.07,643.21
Sétif,2002,3,418.88,Arbequina,Sprinkler,Clay,76.68,39.8,14.52,31.78,23.15,102.85,314.71,534.79,3.86,782.07
M'Sila,2018,11,435.67,Manzanilla,Rain-fed,Rocky,157.2,44.67,11.97,30.09,21.03,10.43,285.51,440.66,3.94,474.24
Mostaganem,2004,11,388.54,Picholine,Rain-fed,Rocky,155.65,43.6,13.61,27.66,20.63,125.36,186.85,885.04,4.37,736.25
Alger,2003,5,350.8,Chemlal,Sprinkler,Sandy,175.13,41.4,11.14,39.51,25.32,107.0,233.02,323.73,2.08,639.21
Oran,2006,3,376.53,Arbequina,Rain-fed,Clay,174.77,19.59,8.19,35.21,21.7,117.61,343.06,493.88,2.36,927.91
Biskra,2007,2,309.29,Zitouna,Drip,Rocky,90.31,38.07,11.81,33.19,22.5,63.13,261.69,670.03,2.44,570.24
Sétif,2016,5,199.97,Limli,Drip,Clay,100.02,22.5,5.05,38.99,22.02,20.22,232.08,212.04,2.1,195.61
Mascara,2017,12,16.99,Picholine,Drip,Clay,279.18,40.63,9.47,33.72,21.59,78.18,323.26,415.51,4.36,39.59
Mascara,2010,4,92.33,Sigoise,Sprinkler,Sandy,248.17,32.01,14.42,36.26,25.34,63.41,156.06,902.86,2.83,173.45
Ghardaïa,2010,8,121.26,Picholine,Drip,Clay,205.3,13.44,11.03,39.8,25.41,140.04,203.89,709.4,4.48,143.74
Tiaret,2002,4,103.4,Sigoise,Drip,Sandy,277.49,20.1,7.44,29.94,18.69,116.44,164.92,895.38,1.02,116.45
Biskra,2006,6,318.71,Azeradj,Rain-fed,Loamy,261.15,11.67,5.94,39.26,22.6,145.18,236.18,325.7,4.96,368.15
Béjaïa,2002,8,468.73,Arbequina,Drip,Clay,251.96,24.05,8.99,37.75,23.37,52.83,191.62,210.33,3.47,665.52
Médéa,2008,1,280.88,Azeradj,Sprinkler,Rocky,299.88,47.77,13.48,26.11,19.8,96.81,208.95,309.76,3.72,696.83
Batna,2007,3,186.2,Zitouna,Drip,Rocky,69.65,19.75,13.07,25.51,19.29,107.65,189.92,773.72,2.65,412.32
Skikda,2019,1,178.27,Picholine,Sprinkler,Rocky,265.84,23.82,8.26,26.46,17.36,117.8,277.2,294.02,3.45,152.16
Alger,2008,1,290.79,Chemlal,Flood,Rocky,181.71,35.85,13.75,37.58,25.66,5.77,305.85,463.92,1.89,398.48
Tlemcen,2009,3,115.41,Picholine,Sprinkler,Loamy,199.89,36.86,10.84,32.69,21.77,114.39,163.39,690.5,3.22,180.86
Béjaïa,2011,8,91.52,Ascolana Tenera,Flood,Sandy,93.35,37.14,7.58,38.8,23.19,20.77,228.1,679.99,2.34,103.72
Biskra,2008,12,419.25,Chemlal,Sprinkler,Loamy,273.28,10.05,5.61,39.95,22.78,129.5,213.47,915.8,3.83,568.29
Annaba,2002,4,207.3,Zitouna,Rain-fed,Sandy,71.17,49.38,9.06,37.68,23.37,96.29,163.96,979.89,2.66,249.03
Mostaganem,2017,8,140.75,Limli,Rain-fed,Clay,101.43,35.98,10.9,26.3,18.6,115.35,220.05,790.76,4.64,255.89
Ouargla,2005,5,204.2,Chemlal,Sprinkler,Clay,176.7,15.19,6.89,31.85,19.37,26.22,211.32,538.25,1.48,507.51
Ghardaïa,2012,7,110.81,Limli,Drip,Clay,139.96,39.57,12.45,25.34,18.89,114.53,255.55,952.45,1.71,185.82
Tlemcen,2009,3,78.5,Picholine,Flood,Clay,250.49,43.83,8.78,27.14,17.96,95.5,339.4,468.91,2.52,100.39
M'Sila,2016,6,481.11,Sigoise,Rain-fed,Loamy,272.47,40.42,11.16,33.82,22.49,142.48,213.01,617.2,3.65,1120.66
Jijel,2010,10,294.22,Zitouna,Rain-fed,Clay,90.96,41.22,14.8,39.48,27.14,135.11,277.82,757.04,2.77,364.28
Médéa,2007,8,120.92,Chemlal,Sprinkler,Sandy,139.93,27.05,10.29,27.45,18.87,121.43,183.38,603.57,4.64,97.86
Tlemcen,2011,7,138.81,Ascolana Tenera,Rain-fed,Sandy,96.54,35.67,5.61,29.05,17.33,149.19,286.74,554.03,3.3,214.61
Mascara,2016,10,383.5,Azeradj,Sprinkler,Loamy,229.79,11.86,7.74,35.23,21.48,24.38,320.13,946.99,1.45,869.84
Skikda,2005,5,186.56,Frantoio,Rain-fed,Sandy,232.0,17.99,14.11,36.52,25.32,57.91,266.57,522.5,1.45,428.34
Tizi Ouzou,2003,5,421.41,Manzanilla,Rain-fed,Clay,214.67,34.58,5.87,33.31,19.59,104.66,294.75,280.1,1.6,733.85
Médéa,2015,11,241.54,Ascolana Tenera,Drip,Sandy,144.13,27.24,5.29,35.37,20.33,91.53,172.63,554.77,2.82,291.7
Mostaganem,2016,4,59.99,Manzanilla,Drip,Rocky,165.02,13.87,11.21,36.9,24.05,102.99,302.64,833.95,3.13,148.93
Ghardaïa,2014,10,167.04,Chemlal,Drip,Loamy,101.13,16.87,10.33,39.72,25.02,5.71,340.89,760.93,1.19,372.59
Tiaret,2004,3,430.26,Arbequina,Sprinkler,Clay,86.77,35.36,6.33,34.58,20.45,61.22,226.03,480.98,1.71,475.76
Batna,2015,5,245.98,Arbequina,Flood,Clay,265.86,47.19,7.55,29.66,18.61,25.53,189.38,695.28,4.05,553.07
Jijel,2003,8,378.61,Azeradj,Rain-fed,Sandy,281.65,41.33,7.8,37.11,22.45,40.94,167.88,949.33,4.31,660.07
Oran,2000,3,53.14,Arbequina,Rain-fed,Clay,181.4,24.57,11.76,38.08,24.92,57.06,322.52,749.27,2.95,114.58
Oran,2015,10,489.84,Frantoio,Flood,Rocky,263.47,23.55,6.89,37.01,21.95,129.03,203.9,945.52,1.53,1165.71
Ouargla,2008,11,158.42,Frantoio,Rain-fed,Loamy,242.46,46.46,9.67,37.95,23.81,109.45,200.07,220.12,1.53,137.43
Tiaret,2001,4,38.1,Picholine,Sprinkler,Clay,235.01,10.59,9.71,27.94,18.83,48.12,217.18,874.21,3.91,44.34
Alger,2018,1,31.25,Manzanilla,Drip,Sandy,164.08,38.61,14.79,37.5,26.14,24.7,287.53,944.07,3.01,55.26
Béjaïa,2002,9,346.09,Sigoise,Sprinkler,Rocky,171.55,18.26,13.75,25.41,19.58,121.61,200.56,227.93,3.59,633.26
Batna,2007,12,223.75,Ascolana Tenera,Drip,Rocky,50.38,47.23,8.71,36.21,22.46,2.47,275.9,449.58,1.36,473.12
Ghardaïa,2019,10,266.01,Manzanilla,Drip,Sandy,267.25,29.89,12.37,37.08,24.72,61.49,341.19,996.13,3.97,472.88
Mascara,2014,3,488.38,Frantoio,Flood,Loamy,170.09,22.97,13.32,25.56,19.44,139.65,333.62,501.02,2.14,776.78
Tizi Ouzou,2016,10,178.45,Arbequina,Drip,Loamy,62.39,44.99,9.33,32.43,20.88,13.07,270.12,709.53,4.78,437.9
Ouargla,2018,3,307.69,Frantoio,Sprinkler,Clay,293.63,16.71,5.85,29.21,17.53,27.31,209.09,711.23,1.28,557.16
Tlemcen,2002,6,391.87,Ascolana Tenera,Sprinkler,Rocky,65.74,20.85,11.46,35.62,23.54,71.58,179.04,805.33,3.42,943.48
Ghardaïa,2013,3,143.24,Zitouna,Flood,Clay,141.81,14.95,10.46,37.09,23.78,39.42,293.35,298.56,1.85,198.61
Tizi Ouzou,2009,5,105.88,Chemlal,Rain-fed,Loamy,76.35,17.53,11.98,37.51,24.74,30.93,234.21,382.73,4.48,216.31
Tlemcen,2018,5,476.68,Limli,Flood,Rocky,126.81,14.2,6.56,27.63,17.09,104.62,201.66,919.8,4.92,932.87
Sétif,2006,2,80.78,Arbequina,Flood,Sandy,111.87,24.97,5.5,38.37,21.93,70.15,208.41,823.46,3.3,189.52
Tiaret,2009,6,21.22,Azeradj,Drip,Loamy,226.95,13.96,6.84,29.92,18.38,52.49,206.17,516.87,2.68,35.46
Ghardaïa,2003,2,101.68,Ascolana Tenera,Flood,Loamy,251.14,37.8,5.8,31.2,18.5,1.22,226.28,688.75,4.0,86.52
Batna,2009,8,347.95,Manzanilla,Flood,Sandy,97.46,20.68,12.53,29.94,21.23,15.8,203.72,347.93,2.08,677.03
Béjaïa,2002,9,366.27,Zitouna,Rain-fed,Sandy,282.23,12.96,12.26,38.67,25.46,97.21,277.77,225.48,4.61,413.46
Tlemcen,2002,11,497.59,Ascolana Tenera,Flood,Loamy,243.23,43.64,10.0,35.3,22.65,146.77,285.35,937.22,2.86,1125.63
Ghardaïa,2008,7,483.12,Zitouna,Sprinkler,Sandy,292.38,26.63,9.74,33.25,21.5,41.88,163.25,286.3,4.68,761.23
M'Sila,2016,6,262.74,Manzanilla,Rain-fed,Loamy,290.09,40.16,5.56,27.14,16.35,12.58,343.19,406.48,4.08,451.32
Tlemcen,2003,1,486.84,Sigoise,Rain-fed,Loamy,211.61,48.07,11.95,26.16,19.05,53.78,261.46,775.53,4.92,1076.71
Batna,2018,6,380.93,Sigoise,Rain-fed,Clay,115.11,26.2,10.06,29.79,19.93,110.87,214.99,532.63,4.33,305.21
M'Sila,2006,8,315.42,Arbequina,Sprinkler,Clay,162.29,40.15,14.88,34.18,24.53,73.49,223.89,458.54,3.45,278.81
Tiaret,2012,5,291.15,Limli,Rain-fed,Clay,250.02,23.6,14.89,35.25,25.07,87.91,334.2,594.14,1.89,632.76
Ghardaïa,2001,1,23.35,Chemlal,Flood,Rocky,280.31,21.36,13.74,34.56,24.15,33.52,165.66,993.32,4.04,46.89
Tiaret,2019,10,340.63,Arbequina,Drip,Sandy,231.59,36.97,8.96,35.04,22.0,96.77,282.44,343.62,4.74,408.51
Skikda,2006,4,63.11,Picholine,Rain-fed,Sandy,195.43,33.28,11.27,38.28,24.77,88.36,204.14,951.15,3.7,108.24
Alger,2000,10,464.81,Sigoise,Rain-fed,Clay,67.73,30.22,11.69,36.31,24.0,67.67,253.75,708.56,4.02,968.87
Constantine,2019,3,59.4,Arbequina,Drip,Clay,124.02,35.63,6.29,25.7,15.99,85.72,349.01,306.76,1.12,103.02
Constantine,2016,11,87.88,Frantoio,Rain-fed,Sandy,108.17,20.1,9.83,39.53,24.68,36.73,228.27,724.83,3.29,166.13
Alger,2017,5,143.02,Zitouna,Sprinkler,Rocky,249.32,35.73,12.07,31.2,21.63,16.3,165.44,932.22,1.12,334.31
Batna,2007,5,127.87,Arbequina,Sprinkler,Clay,68.72,35.13,8.5,26.81,17.66,53.98,224.8,951.88,3.73,129.51
Annaba,2016,9,365.28,Frantoio,Drip,Loamy,254.98,16.27,14.76,27.44,21.1,43.15,212.27,750.86,3.09,620.18
Ouargla,2016,10,118.53,Frantoio,Rain-fed,Sandy,56.16,26.88,6.99,30.63,18.81,63.65,152.99,551.1,4.1,288.34
Tizi Ouzou,2006,5,368.58,Azeradj,Drip,Sandy,149.85,32.28,8.41,28.34,18.38,40.18,163.54,431.98,4.38,723.29
Sétif,2017,3,11.04,Chemlal,Sprinkler,Loamy,143.78,48.3,7.82,34.67,21.25,101.95,284.49,381.62,3.2,12.8
Mostaganem,2019,5,18.74,Zitouna,Drip,Clay,272.86,12.28,10.83,28.1,19.46,51.22,163.38,499.22,1.0,36.63
Biskra,2003,10,442.08,Arbequina,Flood,Rocky,100.87,22.32,13.67,39.63,26.65,23.02,191.11,434.1,1.72,1025.58
Tlemcen,2001,3,246.91,Chemlal,Flood,Sandy,117.31,10.09,8.1,35.38,21.74,84.7,250.8,307.85,2.07,444.84
Alger,2001,2,188.28,Azeradj,Rain-fed,Sandy,72.17,13.49,6.12,31.39,18.75,25.3,187.58,376.04,3.21,403.84
Mascara,2014,12,289.72,Azeradj,Rain-fed,Clay,206.09,16.77,7.51,36.8,22.15,147.15,210.69,611.9,2.68,696.31
Annaba,2006,6,437.44,Sigoise,Flood,Clay,232.71,32.58,10.32,31.23,20.77,42.06,233.87,541.43,4.36,586.55
Annaba,2007,5,470.27,Manzanilla,Flood,Sandy,269.63,17.85,13.39,25.57,19.48,76.87,203.38,934.11,1.45,610.88
Ouargla,2003,10,413.17,Zitouna,Rain-fed,Sandy,268.57,42.83,8.05,33.52,20.79,57.49,187.49,837.75,2.84,674.63
Tizi Ouzou,2017,5,77.15,Azeradj,Flood,Rocky,157.58,20.39,5.26,26.01,15.64,21.89,176.75,783.43,2.13,107.9
Ouargla,2016,2,357.97,Zitouna,Sprinkler,Clay,64.31,44.74,5.49,25.42,15.46,52.04,193.22,662.93,2.68,758.46
Annaba,2001,2,450.42,Manzanilla,Flood,Clay,99.43,43.39,12.68,32.88,22.78,68.42,244.58,785.82,1.24,1088.15
Biskra,2015,8,123.32,Ascolana Tenera,Rain-fed,Sandy,175.05,27.39,9.91,35.0,22.45,68.67,337.07,348.02,4.06,242.57
Batna,2015,2,201.34,Picholine,Sprinkler,Sandy,62.47,34.24,9.67,36.84,23.26,92.69,278.78,428.38,3.79,310.22
Batna,2009,11,17.06,Chemlal,Drip,Sandy,229.93,21.04,13.2,27.46,20.33,86.86,182.23,919.26,2.57,19.5
Tiaret,2014,3,418.26,Limli,Rain-fed,Rocky,264.84,43.44,7.01,29.55,18.28,137.55,240.88,379.17,1.95,815.54
Mostaganem,2019,8,284.3,Arbequina,Drip,Rocky,175.2,48.6,8.73,29.28,19.01,83.19,203.33,720.88,4.76,467.82
Mascara,2004,1,488.28,Azeradj,Drip,Rocky,94.67,17.91,5.1,28.7,16.9,98.0,266.1,310.42,3.62,746.65
Biskra,2004,3,186.65,Frantoio,Rain-fed,Sandy,241.56,22.06,11.53,33.46,22.5,145.79,221.51,634.24,1.13,333.79
Skikda,2007,9,168.76,Zitouna,Sprinkler,Sandy,55.69,22.85,12.66,35.34,24.0,114.09,166.24,744.78,3.27,314.87
Oran,2002,11,397.3,Zitouna,Drip,Loamy,196.2,47.88,11.88,38.81,25.35,104.02,330.21,335.15,1.96,375.79
Tiaret,2004,2,381.64,Ascolana Tenera,Flood,Rocky,292.48,22.17,5.01,36.33,20.67,122.86,205.96,951.14,1.15,568.38
Médéa,2004,10,137.49,Picholine,Drip,Clay,148.38,18.87,5.37,26.59,15.98,143.02,326.49,488.17,4.48,195.79
Sétif,2009,9,431.15,Azeradj,Flood,Sandy,277.6,42.77,10.08,33.46,21.77,104.26,300.11,581.12,3.53,539.36
Mascara,2017,2,95.79,Manzanilla,Sprinkler,Sandy,130.94,39.73,9.61,25.06,17.34,143.95,291.2,452.31,4.6,213.23
Biskra,2019,3,143.43,Frantoio,Flood,Sandy,298.21,47.96,7.88,34.03,20.96,115.96,219.87,509.26,2.81,228.47
Tizi Ouzou,2015,9,82.84,Ascolana Tenera,Rain-fed,Loamy,215.64,49.13,8.21,26.3,17.26,41.03,243.07,914.0,3.62,206.4
Médéa,2010,3,176.03,Zitouna,Sprinkler,Loamy,251.95,26.49,12.97,31.18,22.07,35.91,238.55,787.94,1.84,371.5
Alger,2001,4,497.47,Chemlal,Drip,Clay,126.84,28.43,8.77,28.27,18.52,72.14,167.44,518.27,4.52,770.07
Biskra,2010,11,442.21,Picholine,Sprinkler,Clay,150.88,23.1,6.49,31.95,19.22,117.31,291.75,675.69,4.23,600.02
Béjaïa,2019,11,234.79,Sigoise,Sprinkler,Rocky,94.55,26.7,12.77,39.63,26.2,60.35,308.76,640.07,3.12,326.25
Oran,2008,10,234.63,Ascolana Tenera,Sprinkler,Rocky,227.83,45.11,9.61,27.14,18.38,142.05,232.63,201.26,4.83,316.55
Mascara,2014,7,343.39,Arbequina,Rain-fed,Rocky,73.75,21.69,12.55,26.41,19.48,5.97,329.35,791.8,1.19,697.95
Tlemcen,2004,11,311.39,Manzanilla,Flood,Sandy,280.19,12.68,14.34,29.5,21.92,107.52,155.73,448.99,2.93,271.33
Tlemcen,2015,8,26.64,Manzanilla,Drip,Loamy,178.39,31.19,6.52,29.94,18.23,9.08,229.31,861.26,3.62,30.67
Mascara,2015,2,401.34,Azeradj,Rain-fed,Sandy,292.55,15.47,5.07,31.6,18.34,116.16,327.29,290.71,3.04,343.61
M'Sila,2002,4,294.89,Limli,Drip,Clay,186.67,36.18,7.01,29.15,18.08,117.44,225.33,680.5,1.24,426.58
Tiaret,2002,3,173.38,Azeradj,Sprinkler,Rocky,135.8,14.82,5.27,26.68,15.97,94.47,229.56,688.32,2.38,348.68
Tizi Ouzou,2002,3,80.94,Zitouna,Sprinkler,Loamy,267.93,43.84,5.75,32.06,18.91,101.21,279.68,485.35,1.44,83.04
Mascara,2001,9,183.54,Chemlal,Drip,Loamy,288.52,36.68,11.53,37.32,24.43,78.32,156.39,615.77,3.02,414.56
Tlemcen,2008,1,221.27,Zitouna,Rain-fed,Loamy,112.96,49.19,5.37,38.9,22.13,114.15,235.76,244.58,1.1,192.4
Tlemcen,2005,9,173.57,Manzanilla,Sprinkler,Loamy,99.12,47.65,10.88,31.26,21.07,43.72,299.29,558.44,4.53,298.36
Tizi Ouzou,2004,6,486.88,Zitouna,Flood,Sandy,133.39,31.85,5.68,28.95,17.31,130.99,252.41,793.24,2.11,1081.31
Tiaret,2005,3,269.18,Azeradj,Drip,Sandy,150.61,11.33,7.47,29.4,18.43,23.25,222.02,681.59,3.87,545.06
Sétif,2004,12,11.97,Frantoio,Drip,Sandy,257.9,13.95,7.04,29.54,18.29,135.02,199.24,503.86,1.47,29.73
Skikda,2019,3,273.43,Sigoise,Flood,Rocky,129.69,14.47,6.86,34.03,20.45,132.9,348.05,888.78,2.43,385.01
Mascara,2004,1,260.89,Azeradj,Sprinkler,Sandy,297.64,17.28,10.03,32.87,21.45,132.56,194.01,313.15,2.71,368.58
Jijel,2012,6,28.9,Frantoio,Rain-fed,Sandy,261.02,24.18,11.88,29.91,20.89,105.04,170.45,743.59,4.54,36.19
Béjaïa,2009,3,49.95,Picholine,Sprinkler,Loamy,187.7,46.18,12.88,25.03,18.96,30.36,166.99,966.97,1.05,54.51
Mascara,2017,9,417.21,Arbequina,Sprinkler,Loamy,161.06,15.82,10.07,26.22,18.14,60.67,271.32,593.35,3.13,761.1
Mascara,2015,4,433.15,Ascolana Tenera,Rain-fed,Clay,245.88,46.83,7.47,35.02,21.25,122.72,271.6,293.59,2.91,978.66
Mascara,2002,2,480.57,Sigoise,Sprinkler,Rocky,92.87,33.72,7.16,35.14,21.15,116.86,197.21,707.98,1.51,699.25
Mascara,2000,3,285.64,Picholine,Flood,Rocky,82.29,14.91,6.96,38.89,22.93,76.4,269.2,611.1,2.84,422.32
Ouargla,2005,1,329.69,Picholine,Sprinkler,Rocky,187.12,32.66,7.84,38.31,23.08,139.79,294.2,292.85,1.97,289.21
Alger,2000,6,62.6,Chemlal,Sprinkler,Loamy,109.16,32.1,14.58,30.06,22.32,87.76,272.08,393.23,3.4,97.6
Biskra,2004,10,305.4,Sigoise,Drip,Clay,164.19,25.12,9.43,35.61,22.52,106.64,203.68,580.6,3.04,505.38
Biskra,2008,2,239.43,Zitouna,Sprinkler,Sandy,132.89,41.59,5.96,25.74,15.85,125.67,205.17,387.89,4.65,388.18
Biskra,2001,3,27.76,Ascolana Tenera,Rain-fed,Sandy,242.62,43.4,13.96,38.0,25.98,27.35,182.11,806.41,3.38,39.91
Tlemcen,2011,2,260.97,Arbequina,Drip,Rocky,267.34,43.74,6.53,25.28,15.91,22.31,252.59,921.13,4.85,269.17
Tlemcen,2017,2,59.75,Azeradj,Rain-fed,Sandy,121.91,22.83,13.14,38.47,25.8,65.87,343.93,408.97,4.32,85.95
M'Sila,2014,5,234.78,Azeradj,Flood,Sandy,115.76,36.63,8.51,35.45,21.98,117.52,346.34,732.86,3.75,226.31
Constantine,2016,9,118.28,Arbequina,Sprinkler,Loamy,186.52,48.04,9.85,29.59,19.72,80.58,324.61,806.79,2.6,102.13
Mostaganem,2004,12,298.71,Manzanilla,Drip,Rocky,177.84,42.4,13.94,33.36,23.65,127.17,219.2,292.04,2.13,500.4
Skikda,2004,10,486.2,Sigoise,Rain-fed,Rocky,215.88,11.33,9.64,33.3,21.47,66.11,209.14,289.81,1.95,877.76
Tiaret,2004,1,174.25,Azeradj,Flood,Sandy,97.91,25.93,5.82,37.45,21.64,21.76,237.37,235.5,1.99,153.25
Skikda,2000,5,224.82,Arbequina,Flood,Rocky,154.24,49.23,8.52,33.45,20.98,129.48,317.17,987.25,3.2,245.99
Constantine,2012,7,350.97,Sigoise,Rain-fed,Sandy,164.22,28.25,8.35,36.86,22.61,89.5,313.89,295.32,1.61,506.62
Médéa,2014,12,220.73,Zitouna,Sprinkler,Sandy,88.63,36.37,7.1,26.27,16.68,134.12,211.88,298.28,2.18,248.02
Ghardaïa,2013,2,442.62,Manzanilla,Flood,Sandy,286.55,41.3,13.39,35.09,24.24,83.4,255.49,526.25,2.41,488.29
Béjaïa,2004,10,288.68,Arbequina,Flood,Rocky,59.45,22.34,7.21,38.43,22.82,146.84,182.24,987.48,3.02,640.12
Ghardaïa,2003,7,146.25,Ascolana Tenera,Rain-fed,Rocky,136.59,38.93,11.08,37.0,24.04,4.59,330.22,459.39,2.28,268.0
Annaba,2016,3,28.51,Azeradj,Drip,Loamy,63.16,47.98,13.51,34.56,24.04,90.46,242.59,883.93,4.38,31.13
Annaba,2000,7,423.97,Picholine,Sprinkler,Loamy,156.21,23.97,10.9,28.45,19.68,64.08,252.01,386.19,1.86,565.84
Tlemcen,2006,7,205.72,Frantoio,Rain-fed,Clay,182.67,42.57,6.4,39.67,23.04,102.92,301.06,319.4,4.63,460.38
Ghardaïa,2005,5,426.11,Frantoio,Flood,Rocky,283.31,32.05,13.85,36.73,25.29,9.88,330.98,499.04,1.8,1063.01
Ouargla,2004,7,277.33,Ascolana Tenera,Drip,Loamy,98.14,13.42,14.0,28.94,21.47,94.28,268.17,547.53,2.38,598.05
Oran,2013,9,327.92,Ascolana Tenera,Flood,Sandy,108.5,12.21,12.96,29.21,21.09,122.44,178.07,835.22,1.3,264.83
M'Sila,2002,1,303.13,Frantoio,Flood,Loamy,178.66,15.54,14.18,29.92,22.05,36.33,227.85,679.54,4.65,500.61
Tiaret,2019,8,326.16,Azeradj,Sprinkler,Sandy,64.51,33.08,5.68,31.36,18.52,93.04,194.15,767.37,4.88,750.4
Tlemcen,2003,5,87.29,Manzanilla,Rain-fed,Rocky,253.75,41.08,8.85,37.25,23.05,111.49,294.69,515.78,1.24,138.93
Oran,2010,4,201.98,Manzanilla,Flood,Sandy,63.02,31.58,12.14,37.61,24.88,114.28,256.5,801.52,2.9,179.81
Biskra,2001,2,318.1,Azeradj,Rain-fed,Clay,96.39,29.53,11.97,33.17,22.57,27.52,230.44,447.52,2.11,627.84
Tlemcen,2016,1,111.2,Ascolana Tenera,Rain-fed,Sandy,58.11,42.48,8.63,35.65,22.14,43.57,225.16,847.1,3.3,246.19
Tizi Ouzou,2006,11,94.15,Frantoio,Drip,Rocky,134.62,44.16,8.46,39.13,23.8,89.37,285.47,803.2,3.14,107.46
Alger,2003,7,344.63,Frantoio,Flood,Loamy,105.08,43.72,11.67,34.01,22.84,70.46,315.71,253.63,3.16,825.22
Annaba,2003,10,320.64,Azeradj,Rain-fed,Clay,180.8,15.18,7.19,27.63,17.41,113.07,276.39,806.07,3.79,420.69
Batna,2006,10,81.15,Ascolana Tenera,Sprinkler,Rocky,228.88,39.34,14.3,32.61,23.45,110.11,160.71,871.81,2.01,183.52
Ghardaïa,2007,11,97.71,Azeradj,Flood,Clay,219.2,45.27,11.17,31.11,21.14,7.02,237.34,531.58,3.57,78.36
Annaba,2016,7,152.29,Chemlal,Drip,Rocky,238.95,48.49,7.7,31.87,19.79,87.11,345.74,940.02,1.26,163.85
Biskra,2009,4,76.54,Zitouna,Sprinkler,Loamy,57.26,20.38,11.95,39.15,25.55,57.65,248.8,736.89,4.83,181.87
Batna,2011,4,380.32,Limli,Sprinkler,Sandy,298.84,18.46,9.96,33.95,21.96,5.49,199.71,348.37,3.37,358.57
Béjaïa,2015,11,159.36,Chemlal,Drip,Rocky,159.57,29.13,9.94,35.47,22.7,132.0,260.28,592.3,3.4,302.76
Ghardaïa,2008,10,439.97,Chemlal,Rain-fed,Sandy,260.43,22.03,12.97,30.36,21.66,69.02,226.52,378.29,2.74,417.1
Constantine,2000,11,381.42,Arbequina,Rain-fed,Sandy,269.83,42.6,8.43,31.47,19.95,46.93,183.65,316.17,4.17,860.93
Médéa,2001,8,443.66,Manzanilla,Flood,Clay,162.6,23.76,8.44,32.72,20.58,116.44,173.2,689.77,4.12,683.46
Tiaret,2011,9,242.99,Picholine,Flood,Sandy,107.65,23.97,12.27,29.19,20.73,142.79,154.74,455.62,2.53,484.76
Tizi Ouzou,2014,11,213.57,Manzanilla,Flood,Sandy,163.71,18.38,9.85,35.36,22.61,99.89,330.2,414.43,2.49,275.18
Ouargla,2015,7,115.78,Zitouna,Flood,Loamy,259.99,42.4,6.67,27.77,17.22,123.5,312.04,678.03,2.77,219.19
Sétif,2000,11,425.79,Sigoise,Drip,Clay,171.66,27.3,10.06,25.89,17.98,61.39,194.42,613.15,2.44,839.37
Béjaïa,2004,2,160.07,Azeradj,Sprinkler,Sandy,185.92,27.87,7.8,37.9,22.85,68.13,287.96,822.83,3.15,300.26
Tiaret,2017,5,450.22,Arbequina,Flood,Rocky,80.1,34.34,9.92,26.91,18.41,96.13,345.67,613.29,2.93,724.44
Tizi Ouzou,2015,6,335.54,Sigoise,Drip,Rocky,244.75,47.23,8.1,30.66,19.38,75.47,312.48,221.27,3.26,715.25
Alger,2007,5,65.38,Picholine,Sprinkler,Rocky,182.11,36.96,6.23,33.72,19.98,104.32,215.67,773.63,2.44,143.21
M'Sila,2000,3,260.94,Manzanilla,Flood,Clay,250.82,21.42,12.03,30.57,21.3,78.27,247.18,304.3,3.58,467.35
Médéa,2005,3,135.11,Manzanilla,Flood,Rocky,79.65,40.15,6.99,32.75,19.87,131.43,339.92,735.53,4.77,159.25
Jijel,2004,3,334.35,Frantoio,Flood,Rocky,106.58,41.8,7.98,26.39,17.19,119.95,218.35,770.92,1.43,654.71
Ghardaïa,2009,10,220.81,Zitouna,Sprinkler,Rocky,186.16,36.18,9.33,37.65,23.49,120.89,156.35,943.63,3.89,199.69
Tizi Ouzou,2003,9,277.94,Manzanilla,Drip,Loamy,68.42,20.66,6.03,37.44,21.73,121.09,330.31,724.46,2.37,637.85
Batna,2017,10,470.36,Arbequina,Rain-fed,Sandy,277.51,15.4,5.69,35.24,20.46,65.05,191.33,912.21,3.51,809.46
Batna,2015,3,393.08,Zitouna,Sprinkler,Clay,239.29,27.35,8.41,28.51,18.46,74.7,305.21,990.79,4.23,391.01
Skikda,2003,5,415.36,Chemlal,Rain-fed,Sandy,145.82,32.42,12.7,37.74,25.22,106.69,329.77,350.6,2.25,991.49
Annaba,2002,10,82.03,Sigoise,Rain-fed,Loamy,281.73,35.52,14.25,35.1,24.68,79.58,285.08,740.03,3.35,96.11
Biskra,2001,11,212.56,Ascolana Tenera,Flood,Sandy,87.96,30.64,7.03,26.58,16.8,127.48,211.62,407.76,3.38,393.42
Sétif,2017,3,122.03,Ascolana Tenera,Sprinkler,Rocky,203.58,43.78,8.56,39.16,23.86,137.23,261.64,333.18,1.07,124.24
Médéa,2008,2,351.78,Ascolana Tenera,Sprinkler,Rocky,219.86,45.53,9.78,26.91,18.34,122.34,306.1,356.85,2.2,342.96
Constantine,2017,3,33.37,Chemlal,Flood,Rocky,245.09,44.18,10.82,26.32,18.57,59.28,193.86,580.71,3.62,35.03
Ouargla,2013,8,122.41,Chemlal,Drip,Clay,190.19,38.1,10.67,38.92,24.8,101.12,304.63,963.06,1.7,103.03
Tiaret,2019,8,382.76,Frantoio,Drip,Loamy,123.15,16.07,11.76,29.73,20.75,91.37,208.5,237.21,4.56,806.13
Biskra,2007,10,469.87,Frantoio,Sprinkler,Rocky,127.78,49.27,11.62,38.86,25.24,88.24,324.1,679.28,1.32,732.83
Ghardaïa,2009,6,113.96,Azeradj,Sprinkler,Clay,79.0,12.31,6.86,27.09,16.98,79.76,340.94,368.26,2.75,200.28
Jijel,2011,7,122.04,Picholine,Rain-fed,Sandy,79.77,42.74,8.86,34.6,21.73,101.24,216.87,836.59,3.63,291.04
Tizi Ouzou,2004,6,24.68,Chemlal,Sprinkler,Sandy,184.51,43.26,8.11,25.53,16.82,58.97,265.78,355.03,2.3,40.64
Tlemcen,2010,11,92.02,Ascolana Tenera,Sprinkler,Rocky,238.29,34.71,10.32,35.91,23.11,7.1,173.63,392.64,4.98,180.5
Alger,2015,3,304.82,Limli,Flood,Rocky,211.87,47.19,5.7,35.41,20.55,124.35,288.4,895.3,1.4,592.4
Tlemcen,2008,6,138.88,Limli,Flood,Clay,224.61,32.75,14.72,38.32,26.52,58.9,304.27,255.2,4.35,177.41
Béjaïa,2013,11,46.01,Zitouna,Sprinkler,Loamy,270.71,41.61,8.5,32.94,20.72,101.43,333.61,860.14,2.2,56.95
Jijel,2002,12,72.09,Ascolana Tenera,Sprinkler,Clay,297.77,27.0,12.33,33.54,22.93,106.58,300.61,685.88,3.41,80.06
Ghardaïa,2015,1,481.56,Manzanilla,Flood,Sandy,178.38,26.04,9.45,36.64,23.05,70.79,322.82,231.73,3.24,1139.61
Oran,2004,7,390.27,Ascolana Tenera,Flood,Loamy,233.3,47.96,9.21,39.77,24.49,133.98,159.18,704.25,1.56,667.59
Tizi Ouzou,2007,3,382.63,Ascolana Tenera,Sprinkler,Rocky,200.38,12.89,12.46,34.43,23.45,4.65,213.84,669.13,1.33,666.23
Jijel,2013,7,185.62,Ascolana Tenera,Rain-fed,Rocky,138.62,40.88,13.42,28.5,20.96,72.99,251.13,215.77,1.5,188.47
Mostaganem,2012,5,291.68,Azeradj,Rain-fed,Loamy,212.59,41.61,8.81,37.96,23.39,145.52,171.47,565.51,3.48,547.24
Jijel,2017,11,483.6,Chemlal,Sprinkler,Rocky,134.3,34.62,14.87,26.7,20.79,84.09,266.31,729.98,1.03,658.18
Médéa,2019,10,87.79,Frantoio,Flood,Clay,287.48,19.18,13.35,37.66,25.5,89.71,288.83,874.62,4.36,125.76
Alger,2013,11,115.37,Azeradj,Rain-fed,Clay,190.52,45.17,8.78,32.17,20.48,22.93,208.9,743.96,3.56,236.25
Skikda,2010,10,70.37,Azeradj,Flood,Rocky,277.84,15.46,12.64,29.96,21.3,120.86,318.24,507.78,1.4,92.46
Jijel,2003,11,134.63,Azeradj,Flood,Rocky,70.54,47.88,7.12,26.1,16.61,89.32,150.22,521.55,2.93,220.61
Ouargla,2019,2,178.25,Manzanilla,Flood,Sandy,158.51,17.55,12.1,34.01,23.05,82.0,274.81,362.49,2.08,243.92
Médéa,2000,12,472.42,Chemlal,Drip,Rocky,110.09,49.02,7.69,37.54,22.61,92.0,305.05,416.95,4.9,1156.14
Skikda,2004,11,429.85,Sigoise,Drip,Rocky,116.07,19.39,9.3,39.5,24.4,85.87,340.34,507.8,1.16,809.18
Constantine,2011,6,424.43,Azeradj,Drip,Loamy,266.28,45.03,14.0,37.54,25.77,106.42,334.27,990.74,3.62,688.42
Ghardaïa,2017,7,445.84,Zitouna,Sprinkler,Sandy,156.02,32.32,5.32,35.57,20.45,139.11,191.4,791.45,3.38,484.09
Ouargla,2017,11,236.46,Sigoise,Flood,Loamy,164.09,44.22,5.17,37.11,21.14,20.66,276.29,521.49,1.76,424.03
Annaba,2012,8,107.01,Arbequina,Sprinkler,Loamy,180.54,48.36,10.62,30.65,20.63,144.35,217.88,692.27,2.26,257.37
Batna,2005,4,25.41,Limli,Drip,Rocky,237.13,29.7,14.34,31.38,22.86,32.77,339.35,301.5,1.85,31.45
Mostaganem,2007,9,308.38,Picholine,Flood,Rocky,141.67,20.1,14.58,35.64,25.11,45.34,300.95,894.72,2.7,768.47
Sétif,2018,3,453.41,Picholine,Flood,Rocky,186.59,31.28,8.48,39.87,24.17,52.96,336.07,894.98,1.4,1102.62
Batna,2014,11,31.37,Ascolana Tenera,Sprinkler,Rocky,157.09,48.41,12.15,33.17,22.66,7.37,170.94,803.34,2.12,64.71
Jijel,2003,4,419.05,Chemlal,Rain-fed,Clay,157.18,12.04,14.05,38.21,26.13,95.89,229.47,851.54,2.74,775.36
Tizi Ouzou,2010,4,129.45,Zitouna,Flood,Rocky,239.06,25.11,9.28,27.29,18.29,114.35,165.7,612.8,3.49,234.36
Sétif,2001,8,54.02,Picholine,Flood,Clay,53.28,15.44,9.72,25.99,17.86,147.54,184.99,588.87,1.91,129.43
Biskra,2003,6,287.55,Sigoise,Sprinkler,Loamy,95.68,48.66,10.97,36.26,23.61,23.63,208.86,963.43,3.0,541.24
Ouargla,2012,4,194.81,Arbequina,Drip,Rocky,270.58,32.23,10.81,38.56,24.69,93.92,294.76,887.88,3.36,221.77
Tlemcen,2004,6,481.62,Frantoio,Drip,Clay,278.42,30.04,14.51,32.3,23.4,110.73,349.59,930.89,3.18,821.48
Batna,2018,2,494.41,Ascolana Tenera,Sprinkler,Clay,113.65,34.94,8.15,33.99,21.07,104.05,187.92,783.75,4.98,1070.98
Jijel,2000,5,416.09,Sigoise,Sprinkler,Clay,228.77,26.26,13.69,26.42,20.05,6.5,291.11,260.06,1.67,675.19
Biskra,2018,4,51.96,Ascolana Tenera,Sprinkler,Sandy,118.62,49.8,13.28,34.77,24.03,76.16,300.99,903.68,2.02,74.37
Ghardaïa,2000,5,78.47,Limli,Sprinkler,Clay,284.85,41.19,10.06,25.28,17.67,130.04,331.37,514.74,4.5,116.97
Tiaret,2014,8,35.98,Frantoio,Flood,Loamy,201.57,29.82,14.2,29.63,21.91,41.3,321.19,441.03,1.28,79.69
Constantine,2016,11,299.41,Manzanilla,Sprinkler,Sandy,150.11,43.9,12.5,30.16,21.33,89.73,347.07,403.27,2.88,389.23
Skikda,2013,6,467.87,Azeradj,Drip,Clay,253.67,16.87,12.49,32.26,22.38,11.23,349.23,851.48,2.91,852.83
Béjaïa,2017,6,144.86,Limli,Rain-fed,Clay,57.86,26.11,8.96,39.62,24.29,69.15,186.14,353.53,1.91,306.03
Oran,2003,4,233.37,Azeradj,Drip,Clay,90.97,39.52,10.31,26.36,18.34,135.38,260.65,687.52,4.42,378.49
Batna,2018,9,170.53,Ascolana Tenera,Rain-fed,Clay,235.05,16.45,14.27,37.1,25.69,126.01,211.95,252.94,3.86,164.73
Tizi Ouzou,2000,8,17.57,Zitouna,Rain-fed,Clay,257.5,40.21,9.31,31.68,20.5,31.3,229.36,240.98,4.5,16.76
Alger,2006,1,97.52,Zitouna,Drip,Clay,254.85,23.97,6.79,36.63,21.71,9.05,286.7,648.33,1.47,103.79
Ghardaïa,2002,5,36.37,Picholine,Flood,Rocky,258.34,36.59,6.6,37.21,21.91,48.08,171.11,412.68,2.01,54.39
Ghardaïa,2000,10,83.91,Manzanilla,Drip,Clay,262.25,45.86,11.33,27.14,19.23,101.61,214.51,395.89,2.6,148.12
Batna,2004,5,47.32,Manzanilla,Drip,Clay,133.76,25.98,10.96,37.04,24.0,13.35,186.78,798.52,2.57,68.36
Mascara,2016,10,200.24,Limli,Flood,Rocky,156.51,46.06,5.71,39.2,22.46,37.11,155.09,790.94,1.73,415.09
Béjaïa,2011,12,336.34,Picholine,Rain-fed,Loamy,186.89,48.71,14.7,32.26,23.48,0.08,340.22,988.15,4.04,748.41
Skikda,2004,5,24.67,Azeradj,Flood,Clay,57.8,45.88,14.28,34.58,24.43,28.62,332.98,590.55,1.57,46.28
Batna,2007,9,404.98,Ascolana Tenera,Rain-fed,Sandy,238.86,44.48,5.65,33.36,19.5,149.87,310.18,875.59,2.09,563.93
Sétif,2007,1,16.33,Frantoio,Flood,Rocky,119.6,41.96,14.8,31.94,23.37,80.68,196.78,234.4,2.55,20.08
Tizi Ouzou,2008,5,35.3,Azeradj,Rain-fed,Sandy,222.98,31.98,8.58,25.87,17.23,86.73,205.44,725.66,1.41,31.97
M'Sila,2007,11,341.99,Frantoio,Drip,Sandy,131.19,29.78,10.42,27.49,18.95,47.69,298.74,625.02,2.5,837.91
Médéa,2018,3,381.44,Manzanilla,Flood,Rocky,297.25,41.86,9.67,32.62,21.14,88.29,203.55,493.37,1.96,826.99
Tizi Ouzou,2016,10,88.22,Sigoise,Flood,Rocky,149.04,21.35,7.84,27.36,17.6,58.78,187.42,826.88,4.41,99.82
Oran,2008,1,408.92,Limli,Drip,Sandy,110.22,14.88,10.44,26.32,18.38,134.01,272.82,587.13,3.75,514.19
M'Sila,2016,3,434.93,Sigoise,Drip,Sandy,134.62,30.66,7.94,33.61,20.77,39.11,349.68,537.1,3.62,1004.27
Annaba,2015,8,135.37,Sigoise,Drip,Loamy,212.01,19.58,10.08,39.13,24.61,83.12,185.71,493.45,4.89,178.51
Ghardaïa,2016,12,345.75,Frantoio,Flood,Loamy,148.19,25.35,13.32,35.67,24.5,88.28,203.25,445.83,1.89,484.72
Tlemcen,2010,6,287.33,Sigoise,Flood,Sandy,141.97,48.79,13.98,38.61,26.3,116.47,215.72,306.12,4.01,245.81
Ouargla,2002,5,331.29,Manzanilla,Drip,Loamy,211.48,28.59,6.58,36.28,21.43,96.92,243.65,454.75,3.82,356.55
Ouargla,2015,9,470.4,Zitouna,Drip,Rocky,243.55,33.88,8.8,30.08,19.44,32.07,234.97,994.38,3.89,610.91
Skikda,2019,6,81.27,Picholine,Rain-fed,Loamy,160.87,18.54,13.69,36.84,25.27,93.29,226.74,523.87,4.3,195.32
Alger,2006,9,43.76,Zitouna,Sprinkler,Sandy,96.91,33.16,10.1,29.2,19.65,49.02,290.73,278.02,3.72,97.13
M'Sila,2014,4,135.02,Chemlal,Drip,Clay,216.78,16.84,13.96,33.37,23.66,65.79,201.8,625.87,4.26,147.46
Annaba,2000,11,275.14,Sigoise,Rain-fed,Clay,174.13,19.13,13.83,38.96,26.39,61.71,211.69,939.48,1.66,463.33
Biskra,2008,8,269.81,Frantoio,Rain-fed,Sandy,169.46,22.22,12.79,31.26,22.02,108.83,263.76,552.0,4.27,385.74
Skikda,2001,10,229.84,Picholine,Sprinkler,Sandy,243.33,41.36,9.29,39.99,24.64,39.36,193.26,926.89,3.14,306.41
Annaba,2008,3,171.1,Zitouna,Flood,Clay,114.91,22.47,14.98,36.0,25.49,114.39,257.71,771.1,4.97,427.19
Annaba,2011,4,287.92,Chemlal,Rain-fed,Sandy,278.92,29.37,7.91,37.68,22.8,112.86,312.93,262.75,4.04,430.4
Béjaïa,2002,7,305.45,Azeradj,Drip,Loamy,276.69,22.73,6.73,32.29,19.51,85.82,324.0,341.09,1.76,276.95
Biskra,2001,3,233.57,Ascolana Tenera,Sprinkler,Loamy,228.01,20.66,5.61,39.46,22.54,78.49,181.25,200.66,1.47,482.91
Alger,2009,5,473.71,Frantoio,Sprinkler,Sandy,259.2,24.6,7.99,28.27,18.13,104.4,242.98,809.84,4.76,790.13
Mascara,2011,7,156.3,Frantoio,Sprinkler,Loamy,91.7,31.82,9.32,37.21,23.27,110.25,257.61,487.45,1.9,307.65
Constantine,2004,10,467.73,Frantoio,Rain-fed,Clay,208.69,42.29,8.42,29.23,18.82,137.39,221.8,896.68,2.09,635.09
Tizi Ouzou,2014,1,441.46,Azeradj,Flood,Clay,197.78,46.59,13.3,37.37,25.34,146.5,187.1,708.8,2.45,758.78
Alger,2002,10,406.84,Azeradj,Rain-fed,Clay,135.84,28.01,7.55,31.96,19.75,94.89,340.48,307.17,1.26,949.93
Médéa,2005,3,428.03,Sigoise,Sprinkler,Sandy,142.03,36.42,11.94,34.28,23.11,125.99,181.04,613.25,1.04,1016.8
Batna,2009,10,125.11,Azeradj,Rain-fed,Sandy,242.37,44.44,14.51,29.21,21.86,99.83,316.75,985.69,1.11,133.67
M'Sila,2009,10,424.48,Ascolana Tenera,Sprinkler,Rocky,297.72,14.24,6.02,36.05,21.03,100.1,296.54,210.38,4.58,951.88
M'Sila,2019,7,100.16,Ascolana Tenera,Sprinkler,Loamy,71.53,44.7,6.91,27.37,17.14,74.2,210.3,431.42,3.43,205.55
Mostaganem,2007,6,461.74,Arbequina,Rain-fed,Loamy,189.93,43.15,12.94,27.86,20.4,88.99,325.73,956.02,4.85,369.46
Constantine,2013,3,254.95,Chemlal,Drip,Rocky,190.6,18.98,14.16,29.65,21.91,107.1,234.87,602.08,4.52,585.62
Biskra,2019,6,66.27,Manzanilla,Drip,Clay,79.07,42.79,7.29,29.46,18.38,66.82,191.89,932.83,3.11,127.3
Ouargla,2013,7,87.31,Sigoise,Rain-fed,Loamy,177.62,29.27,13.4,29.08,21.24,30.04,299.91,562.48,3.28,158.22
Tlemcen,2007,6,37.12,Ascolana Tenera,Rain-fed,Rocky,256.85,42.09,8.45,34.0,21.23,148.93,189.26,610.4,4.33,45.94
Tiaret,2013,2,433.97,Ascolana Tenera,Flood,Clay,108.05,38.61,10.34,39.92,25.13,24.81,325.38,860.82,2.98,372.2
Oran,2019,3,84.4,Sigoise,Flood,Loamy,209.68,43.29,9.06,37.0,23.03,64.8,204.7,608.76,4.39,92.12
Biskra,2001,10,219.74,Zitouna,Rain-fed,Clay,226.88,36.53,11.15,30.4,20.77,68.04,208.47,530.1,2.29,487.81
Sétif,2010,12,373.92,Manzanilla,Flood,Loamy,104.96,27.76,14.62,38.09,26.36,73.4,151.27,751.55,1.67,494.43
Annaba,2013,11,342.11,Zitouna,Flood,Rocky,288.0,13.23,11.87,33.65,22.76,128.89,178.46,673.74,1.72,728.29
Jijel,2016,6,306.8,Frantoio,Drip,Rocky,163.45,15.38,12.37,38.67,25.52,78.9,297.24,948.85,4.13,252.18
Alger,2003,4,358.8,Sigoise,Drip,Sandy,129.93,29.22,7.26,33.4,20.33,111.48,307.84,403.71,4.85,774.28
Biskra,2013,6,180.42,Manzanilla,Drip,Loamy,177.94,32.95,5.68,30.55,18.12,6.46,315.26,345.71,2.57,215.2
Alger,2016,5,253.62,Zitouna,Sprinkler,Clay,137.71,46.3,13.21,38.96,26.09,97.31,348.43,967.07,1.39,228.6
Biskra,2009,7,205.11,Zitouna,Flood,Sandy,105.44,31.72,8.21,26.86,17.54,76.09,226.52,994.16,2.19,217.49
Oran,2006,8,162.51,Azeradj,Rain-fed,Loamy,224.2,33.8,6.55,27.8,17.18,85.85,200.72,666.95,3.08,314.56
Ghardaïa,2012,12,212.5,Zitouna,Drip,Loamy,263.67,29.24,8.63,32.47,20.55,65.64,273.76,391.79,3.4,222.37
Constantine,2015,2,305.72,Chemlal,Sprinkler,Rocky,225.26,10.56,11.75,38.1,24.93,75.4,239.6,325.13,1.32,516.58
Mostaganem,2019,6,164.85,Manzanilla,Flood,Loamy,206.01,11.99,8.71,32.06,20.39,38.29,310.01,606.24,4.4,187.87
Ouargla,2013,9,213.69,Limli,Sprinkler,Sandy,86.42,18.01,13.53,39.47,26.5,39.22,334.74,708.74,1.27,511.31
Ghardaïa,2019,2,405.61,Limli,Rain-fed,Rocky,145.36,30.33,8.92,36.65,22.79,43.95,270.92,370.73,4.7,586.43
Skikda,2001,6,154.44,Arbequina,Flood,Rocky,251.65,28.23,7.23,35.87,21.55,46.83,242.63,520.89,2.64,191.6
Ouargla,2003,3,138.13,Zitouna,Drip,Sandy,198.25,16.14,11.66,39.83,25.74,55.27,265.49,388.88,2.2,253.13
Mostaganem,2004,7,249.88,Azeradj,Drip,Rocky,62.95,47.12,8.32,25.76,17.04,47.91,211.47,729.69,1.79,345.95
Oran,2006,7,476.0,Ascolana Tenera,Drip,Rocky,104.24,41.35,12.41,35.0,23.7,104.85,314.57,236.86,1.54,615.85
Mostaganem,2007,4,95.13,Arbequina,Sprinkler,Sandy,116.62,12.68,7.07,31.75,19.41,65.74,202.43,884.49,3.25,150.7
Skikda,2012,1,356.45,Limli,Rain-fed,Loamy,78.22,48.55,9.36,28.0,18.68,148.22,157.82,878.88,2.37,588.8
Béjaïa,2005,7,340.81,Sigoise,Flood,Sandy,88.82,18.32,6.35,33.09,19.72,90.19,296.53,447.9,4.08,736.67
Béjaïa,2004,9,431.2,Zitouna,Flood,Clay,241.5,21.08,13.38,34.88,24.13,21.6,294.17,360.94,1.61,643.31
Mostaganem,2010,6,405.73,Limli,Sprinkler,Sandy,175.74,15.71,13.39,30.26,21.83,32.57,301.93,951.45,4.5,423.33
Annaba,2019,10,30.33,Picholine,Flood,Loamy,281.57,39.68,9.68,25.87,17.77,91.0,303.97,590.64,4.39,49.43
Skikda,2011,6,52.3,Sigoise,Rain-fed,Sandy,54.87,41.77,7.73,28.25,17.99,91.62,246.59,448.93,4.82,46.14
Béjaïa,2017,11,484.42,Limli,Sprinkler,Clay,188.59,24.77,8.54,28.2,18.37,123.26,259.73,520.77,4.76,495.14
M'Sila,2005,8,439.91,Manzanilla,Sprinkler,Loamy,120.3,33.47,5.31,35.76,20.54,137.95,262.57,530.9,2.43,494.7
M'Sila,2005,10,394.52,Picholine,Drip,Rocky,296.08,40.84,7.47,25.68,16.57,52.29,251.12,591.05,4.86,603.72
Médéa,2012,3,221.63,Arbequina,Drip,Clay,162.69,15.41,6.66,33.25,19.95,100.97,224.15,350.65,1.35,380.74
Mascara,2004,3,245.48,Chemlal,Rain-fed,Clay,169.75,17.12,8.79,27.89,18.34,10.65,206.34,770.18,4.92,545.54
Ghardaïa,2008,6,276.64,Manzanilla,Rain-fed,Rocky,155.43,46.78,6.85,34.96,20.91,118.96,278.96,788.53,3.01,426.96
Biskra,2010,11,179.48,Frantoio,Rain-fed,Rocky,242.71,31.38,12.63,30.75,21.69,142.02,270.75,317.21,3.91,362.47
Tizi Ouzou,2007,2,87.12,Manzanilla,Flood,Loamy,62.52,46.69,6.78,28.88,17.83,39.2,273.33,409.6,4.2,195.87
Ghardaïa,2001,11,429.7,Arbequina,Rain-fed,Rocky,194.45,16.09,11.67,32.14,21.91,35.98,307.67,630.85,4.04,1072.97
M'Sila,2006,4,232.14,Zitouna,Flood,Sandy,76.32,45.28,11.89,34.79,23.34,88.38,318.64,817.53,4.55,514.88
Tiaret,2006,11,37.43,Ascolana Tenera,Rain-fed,Rocky,184.32,13.3,12.69,32.69,22.69,18.19,185.51,369.14,1.57,50.37
Constantine,2009,2,111.11,Azeradj,Sprinkler,Clay,112.24,33.28,7.38,28.44,17.91,30.59,252.75,935.57,3.0,212.16
Ghardaïa,2017,4,245.96,Azeradj,Drip,Loamy,190.8,41.92,12.51,37.11,24.81,32.85,347.51,291.91,1.03,251.03
Biskra,2007,9,145.07,Azeradj,Sprinkler,Clay,206.34,25.78,6.41,35.59,21.0,1.93,169.1,826.88,2.06,170.68
Annaba,2008,4,106.15,Picholine,Drip,Sandy,177.78,23.91,14.53,31.74,23.13,46.01,158.47,806.19,3.55,177.93
Tiaret,2014,11,464.88,Azeradj,Rain-fed,Rocky,217.9,45.81,12.79,36.19,24.49,11.33,346.37,227.83,4.66,1088.86
Tiaret,2007,9,433.33,Zitouna,Sprinkler,Sandy,145.9,38.73,5.5,28.29,16.89,90.92,227.66,723.35,1.99,896.58
Béjaïa,2018,6,416.36,Frantoio,Sprinkler,Loamy,133.9,25.99,5.16,35.54,20.35,144.13,347.1,777.91,2.89,831.29
Mostaganem,2001,6,214.17,Azeradj,Sprinkler,Rocky,121.89,28.9,9.89,38.82,24.36,35.83,299.83,902.43,1.66,531.51
Jijel,2018,4,331.68,Limli,Sprinkler,Loamy,166.64,23.09,7.92,35.98,21.95,21.96,164.06,649.93,1.52,499.34
Biskra,2015,4,202.9,Zitouna,Drip,Sandy,126.89,31.96,14.42,30.75,22.59,111.19,150.81,713.66,2.03,348.47
Batna,2001,2,464.49,Ascolana Tenera,Sprinkler,Sandy,208.53,27.1,6.31,28.1,17.21,6.73,317.15,835.68,4.3,569.98
Mascara,2009,12,495.22,Chemlal,Drip,Clay,187.09,31.4,14.92,33.85,24.39,112.22,212.12,551.01,1.97,440.71
Oran,2010,12,10.48,Ascolana Tenera,Flood,Rocky,162.56,40.24,13.97,32.77,23.37,130.08,198.98,340.47,1.4,25.22
Oran,2013,5,402.21,Picholine,Rain-fed,Sandy,88.82,31.58,8.05,34.42,21.23,108.08,248.51,727.09,1.34,725.7
Alger,2000,7,30.51,Ascolana Tenera,Rain-fed,Clay,248.12,12.47,7.72,34.33,21.02,92.73,181.5,409.79,3.42,57.87
Oran,2016,2,137.89,Zitouna,Rain-fed,Loamy,149.99,10.18,7.33,37.22,22.27,20.87,294.65,588.47,1.06,154.34
Tlemcen,2011,7,81.42,Manzanilla,Drip,Sandy,202.08,31.88,14.17,36.2,25.19,9.09,331.19,944.33,3.55,130.83
Jijel,2017,7,58.75,Chemlal,Rain-fed,Clay,247.93,27.49,13.09,39.71,26.4,16.13,319.8,734.35,4.83,115.85
Constantine,2014,10,114.04,Manzanilla,Drip,Rocky,90.67,34.63,6.75,26.27,16.51,131.35,309.25,729.48,4.2,119.07
Ouargla,2003,11,172.45,Zitouna,Drip,Rocky,69.0,12.23,11.44,35.79,23.61,33.95,178.93,468.91,3.86,330.72
Jijel,2012,9,483.59,Picholine,Rain-fed,Clay,112.62,11.79,14.17,32.06,23.12,115.65,311.68,436.6,1.96,1062.34
Constantine,2016,11,66.1,Chemlal,Rain-fed,Loamy,67.79,22.55,10.67,30.05,20.36,44.51,176.29,335.8,2.06,103.51
Sétif,2015,6,193.53,Frantoio,Rain-fed,Clay,295.92,33.29,13.81,25.75,19.78,136.35,177.55,693.32,3.91,364.28
Jijel,2017,12,103.04,Frantoio,Flood,Loamy,249.5,32.92,10.59,35.6,23.09,39.73,181.86,831.12,3.0,98.18
Constantine,2009,11,464.38,Limli,Sprinkler,Sandy,197.71,18.84,9.68,32.98,21.33,98.66,308.99,610.61,1.36,721.09
Tiaret,2018,7,416.39,Manzanilla,Drip,Sandy,169.86,42.78,11.55,35.92,23.73,55.61,199.74,567.77,2.99,570.58
Ouargla,2019,11,226.87,Arbequina,Rain-fed,Rocky,160.34,15.44,10.91,35.88,23.4,1.65,315.75,664.0,2.83,259.26
Annaba,2000,3,348.33,Ascolana Tenera,Sprinkler,Sandy,210.56,31.86,10.37,27.04,18.7,80.02,210.73,514.52,1.04,748.9
Tlemcen,2008,2,36.7,Azeradj,Drip,Rocky,190.19,23.72,7.74,39.34,23.54,106.46,271.05,202.41,1.23,32.4
Ouargla,2016,5,58.81,Arbequina,Rain-fed,Clay,253.49,15.09,8.17,29.8,18.98,17.8,159.51,985.32,2.55,129.07
Biskra,2019,5,397.35,Zitouna,Flood,Clay,51.89,45.04,12.54,37.28,24.91,59.57,235.24,527.26,2.49,348.2
Mascara,2008,6,244.38,Azeradj,Drip,Clay,181.61,23.51,11.99,39.08,25.54,129.31,230.51,501.63,4.52,319.85
Médéa,2008,3,268.46,Picholine,Flood,Rocky,285.34,12.89,11.17,38.04,24.61,48.2,317.07,703.89,1.28,428.41
Ouargla,2001,2,62.16,Chemlal,Flood,Rocky,215.25,27.5,10.62,28.56,19.59,38.66,311.89,703.27,2.4,106.06
Constantine,2017,4,129.95,Chemlal,Sprinkler,Rocky,291.99,19.2,6.74,29.05,17.89,29.39,213.82,798.06,3.16,195.07
Oran,2009,9,459.35,Arbequina,Flood,Loamy,239.27,12.52,14.69,27.48,21.09,129.73,161.37,984.86,3.75,388.7
Ghardaïa,2001,6,464.34,Ascolana Tenera,Rain-fed,Rocky,179.4,16.08,13.42,29.49,21.45,62.03,339.21,536.26,2.28,475.63
Alger,2001,8,457.68,Sigoise,Rain-fed,Sandy,250.13,23.0,5.65,38.02,21.84,58.89,181.2,484.98,4.71,651.48
Jijel,2010,2,235.5,Ascolana Tenera,Sprinkler,Loamy,72.25,17.69,7.04,32.69,19.86,127.09,258.08,469.69,4.91,559.79
Tlemcen,2006,9,465.18,Azeradj,Flood,Loamy,183.91,30.14,6.1,31.83,18.96,120.11,234.93,308.43,3.95,418.89
Ouargla,2004,2,478.98,Chemlal,Rain-fed,Rocky,76.71,10.35,10.39,28.38,19.38,30.0,161.64,652.14,4.09,1129.67
Sétif,2008,11,125.15,Azeradj,Drip,Sandy,252.97,47.86,8.57,28.23,18.4,95.49,285.96,604.01,4.58,295.74
Oran,2019,4,107.36,Zitouna,Sprinkler,Sandy,75.85,40.07,12.2,29.2,20.7,93.48,267.57,332.94,4.2,203.56
Tlemcen,2017,10,439.41,Zitouna,Flood,Rocky,170.92,31.05,12.93,31.88,22.41,122.95,242.99,201.34,2.31,939.11
Médéa,2012,5,194.92,Ascolana Tenera,Rain-fed,Clay,233.1,30.79,9.75,33.1,21.43,7.56,179.2,546.16,4.21,299.34
Oran,2001,8,96.88,Manzanilla,Rain-fed,Sandy,90.74,24.97,6.18,35.41,20.79,38.25,209.84,974.31,2.41,162.01
Skikda,2018,4,203.34,Arbequina,Rain-fed,Rocky,68.41,22.21,12.54,32.77,22.66,137.61,224.33,600.96,1.6,450.3
Jijel,2016,6,243.39,Zitouna,Flood,Sandy,128.03,38.08,11.12,30.59,20.86,96.28,271.5,462.79,3.46,458.8
Sétif,2007,11,264.69,Limli,Flood,Rocky,93.41,42.2,11.67,25.75,18.71,15.26,197.81,697.37,3.08,514.89
Jijel,2006,7,113.3,Azeradj,Drip,Sandy,82.28,44.4,6.98,36.34,21.66,148.8,340.31,600.0,1.4,99.1
Mostaganem,2002,7,439.11,Manzanilla,Sprinkler,Loamy,236.35,43.44,11.36,34.26,22.81,34.55,244.1,795.5,2.32,801.85
Batna,2007,9,163.74,Arbequina,Sprinkler,Clay,112.91,22.68,6.18,39.49,22.84,96.53,154.72,297.96,2.59,401.38
Tlemcen,2001,6,70.57,Arbequina,Flood,Loamy,164.92,41.01,11.08,29.64,20.36,91.16,280.89,453.94,2.58,144.27
Ghardaïa,2002,2,478.15,Picholine,Rain-fed,Clay,212.87,21.71,11.18,30.18,20.68,82.83,300.9,670.22,2.55,960.74
Tizi Ouzou,2015,5,331.06,Zitouna,Rain-fed,Clay,142.3,26.67,11.27,30.38,20.82,31.77,262.95,820.5,4.49,350.71
Mostaganem,2015,5,331.46,Manzanilla,Flood,Sandy,146.22,49.69,9.92,32.57,21.25,45.93,204.8,322.28,2.2,572.15
Béjaïa,2006,5,99.65,Arbequina,Flood,Loamy,111.17,31.75,10.5,29.5,20.0,97.29,225.13,492.82,4.58,220.09
Oran,2004,12,157.15,Picholine,Flood,Rocky,62.8,30.73,6.75,28.37,17.56,17.45,159.79,975.9,3.44,140.71
Sétif,2018,3,386.63,Arbequina,Drip,Loamy,284.9,17.77,10.39,36.9,23.64,1.83,297.01,430.91,3.93,790.72
Tlemcen,2009,9,216.82,Limli,Rain-fed,Clay,93.1,20.99,9.08,35.9,22.49,73.09,201.16,234.81,3.57,403.58
Tiaret,2001,2,24.3,Ascolana Tenera,Flood,Clay,134.4,11.68,13.07,30.39,21.73,116.26,209.85,542.55,3.91,25.43
Annaba,2011,5,145.09,Zitouna,Flood,Rocky,237.33,16.19,11.73,38.66,25.2,25.64,179.75,409.31,4.96,276.27
Mascara,2016,11,474.83,Zitouna,Sprinkler,Sandy,52.2,45.84,9.89,32.08,20.98,58.52,308.65,596.06,1.39,404.92
Constantine,2017,10,56.55,Picholine,Drip,Loamy,87.42,36.6,10.61,34.23,22.42,131.71,265.35,294.75,3.1,87.86
Annaba,2000,10,202.27,Picholine,Sprinkler,Sandy,225.15,40.08,7.68,34.51,21.09,141.27,158.94,558.97,1.75,377.9
Oran,2015,4,200.99,Sigoise,Drip,Sandy,90.5,41.66,7.49,29.14,18.32,32.34,162.0,930.69,2.62,391.43
Constantine,2017,12,393.66,Frantoio,Drip,Loamy,107.37,19.11,10.32,35.92,23.12,146.04,287.27,820.91,2.46,515.21
Alger,2006,4,66.49,Sigoise,Sprinkler,Sandy,188.61,34.95,11.63,32.53,22.08,107.56,252.94,326.01,4.95,114.11
Médéa,2013,9,263.12,Limli,Sprinkler,Clay,189.11,15.67,13.27,26.65,19.96,1.02,231.78,765.28,3.13,647.8
Tiaret,2018,9,196.13,Limli,Sprinkler,Sandy,157.33,15.31,5.62,28.81,17.21,118.56,216.54,922.82,2.06,415.17
Mascara,2014,3,363.25,Ascolana Tenera,Rain-fed,Clay,250.85,23.9,12.95,37.23,25.09,114.65,258.18,974.71,4.15,635.84
Tlemcen,2008,7,427.11,Arbequina,Rain-fed,Rocky,75.26,49.99,12.86,31.49,22.17,128.5,330.51,374.84,2.48,435.04
Biskra,2004,10,234.03,Picholine,Sprinkler,Rocky,60.3,28.72,5.96,27.94,16.95,52.56,295.35,491.25,2.58,391.99
Biskra,2010,12,241.85,Azeradj,Sprinkler,Clay,77.48,49.88,14.62,37.59,26.11,35.72,248.36,503.48,2.77,512.17
Constantine,2011,8,426.95,Ascolana Tenera,Drip,Clay,80.52,32.5,6.89,34.83,20.86,104.66,315.54,457.29,2.58,1032.7
Mascara,2013,5,97.2,Sigoise,Sprinkler,Clay,292.89,32.57,14.5,37.47,25.98,93.8,336.52,886.46,3.35,177.06
Biskra,2013,10,93.97,Arbequina,Flood,Clay,276.69,25.93,9.17,27.61,18.39,37.02,183.53,567.75,2.03,120.83
Jijel,2009,3,333.51,Sigoise,Rain-fed,Sandy,251.56,31.59,14.23,33.53,23.88,86.72,179.01,967.56,2.76,373.27
Alger,2019,2,279.23,Azeradj,Flood,Loamy,122.28,20.56,14.36,30.04,22.2,20.59,325.77,696.75,1.2,320.23
Sétif,2011,9,43.09,Ascolana Tenera,Sprinkler,Loamy,100.46,47.74,10.0,27.63,18.81,41.76,252.45,318.21,3.65,94.5
Jijel,2007,6,252.34,Limli,Flood,Sandy,57.35,37.8,6.59,26.14,16.37,97.81,174.09,628.41,1.03,272.25
Constantine,2017,5,23.81,Limli,Rain-fed,Sandy,124.78,17.85,13.86,32.24,23.05,64.99,243.86,595.45,2.41,31.29
Biskra,2001,6,379.74,Arbequina,Rain-fed,Loamy,61.2,22.5,6.45,30.76,18.61,36.81,337.06,701.58,4.64,542.23
Annaba,2014,6,217.71,Picholine,Flood,Loamy,107.47,40.99,6.42,35.59,21.01,120.69,260.04,918.96,3.58,439.12
Skikda,2011,4,405.12,Sigoise,Sprinkler,Clay,124.8,15.53,9.82,28.48,19.15,71.47,158.92,952.71,1.82,581.28
Annaba,2019,2,447.64,Chemlal,Sprinkler,Sandy,63.27,24.75,9.39,28.27,18.83,66.32,157.58,254.77,2.7,1003.33
Mascara,2001,3,100.56,Ascolana Tenera,Rain-fed,Clay,260.0,33.59,12.06,37.97,25.02,1.09,300.13,685.88,4.01,181.93
Ghardaïa,2000,5,368.19,Zitouna,Flood,Loamy,296.78,48.99,9.0,25.73,17.37,62.49,315.29,969.94,2.33,316.17
Ouargla,2008,12,165.33,Azeradj,Flood,Sandy,132.36,45.83,11.19,26.57,18.88,121.04,308.13,990.81,3.8,282.97
Jijel,2000,10,293.91,Arbequina,Flood,Sandy,78.06,23.66,10.26,35.01,22.63,135.99,224.34,218.01,1.69,587.59
Jijel,2008,3,419.47,Picholine,Sprinkler,Rocky,148.92,31.22,5.36,28.21,16.79,65.64,307.86,735.88,3.59,740.29
Batna,2013,11,300.41,Azeradj,Flood,Clay,209.17,47.93,10.98,28.58,19.78,21.86,169.85,219.1,1.17,271.35
Biskra,2012,11,239.09,Ascolana Tenera,Rain-fed,Sandy,202.91,43.53,14.06,34.08,24.07,78.88,186.06,616.01,3.0,335.97
Biskra,2003,5,348.76,Frantoio,Flood,Clay,179.24,29.51,10.8,35.9,23.35,91.2,213.59,619.96,1.58,441.2
Mostaganem,2003,1,346.18,Zitouna,Sprinkler,Loamy,293.83,29.01,12.42,39.84,26.13,82.44,314.88,506.9,1.78,666.03
Béjaïa,2000,1,252.55,Azeradj,Sprinkler,Loamy,182.83,30.5,5.78,26.18,15.98,52.91,289.3,656.66,1.44,353.73
Alger,2002,2,261.92,Limli,Rain-fed,Loamy,281.36,13.34,13.92,33.8,23.86,7.21,256.81,438.28,4.9,368.49
Mascara,2004,9,173.14,Zitouna,Rain-fed,Sandy,240.86,42.25,5.79,25.31,15.55,119.35,265.91,885.81,1.19,330.73
Ghardaïa,2016,11,318.66,Arbequina,Drip,Loamy,71.82,21.17,14.75,37.24,26.0,1.8,317.13,376.79,3.72,489.8
Skikda,2001,8,30.99,Manzanilla,Sprinkler,Clay,170.09,22.12,12.99,32.35,22.67,91.64,274.55,794.42,1.32,63.06
Béjaïa,2009,9,201.46,Azeradj,Rain-fed,Clay,281.56,15.27,7.79,27.3,17.55,32.83,176.48,219.23,3.98,379.69
Mascara,2002,2,84.5,Picholine,Flood,Loamy,293.56,46.57,14.55,29.25,21.9,51.57,204.61,995.01,2.61,166.7
Tlemcen,2002,3,488.68,Ascolana Tenera,Rain-fed,Clay,249.75,49.76,5.14,25.75,15.45,32.84,215.62,873.97,1.76,858.04
Ghardaïa,2011,10,294.36,Arbequina,Drip,Sandy,191.31,28.89,5.28,30.35,17.82,90.19,169.71,892.8,2.63,378.41
Tizi Ouzou,2009,10,319.87,Zitouna,Drip,Clay,196.86,22.04,10.27,25.72,17.99,127.12,230.92,943.62,3.74,463.51
Mascara,2013,1,255.82,Sigoise,Drip,Sandy,168.49,36.85,5.97,25.44,15.71,52.44,216.15,921.11,1.04,457.19
Mascara,2002,11,96.83,Manzanilla,Rain-fed,Rocky,212.11,23.56,6.91,39.74,23.33,84.06,301.85,815.68,1.84,184.91
Mascara,2017,9,222.0,Azeradj,Rain-fed,Loamy,60.09,28.08,14.94,35.32,25.13,137.64,220.32,949.19,1.82,264.03
Médéa,2009,11,123.47,Arbequina,Rain-fed,Loamy,278.21,36.46,6.81,26.43,16.62,97.33,252.65,250.29,2.47,285.83
Biskra,2015,11,94.41,Manzanilla,Flood,Loamy,219.92,10.46,7.14,33.39,20.27,122.04,293.57,767.03,2.71,235.72
Mascara,2006,1,91.74,Frantoio,Drip,Sandy,276.45,16.08,11.12,29.2,20.16,85.7,247.54,448.4,4.65,97.24
Batna,2008,10,424.77,Zitouna,Rain-fed,Rocky,191.39,13.01,11.41,25.06,18.23,114.34,169.57,439.88,1.24,449.06
Ouargla,2002,9,212.58,Arbequina,Flood,Sandy,278.72,30.13,11.75,31.07,21.41,83.19,212.24,888.36,2.52,467.25
Jijel,2002,2,22.76,Manzanilla,Flood,Sandy,157.78,41.53,9.88,32.67,21.28,68.59,259.96,678.46,1.17,19.02
Mostaganem,2002,7,324.01,Chemlal,Flood,Clay,145.49,25.51,13.04,38.2,25.62,0.95,294.62,549.64,1.73,776.37
Béjaïa,2014,1,49.37,Azeradj,Sprinkler,Loamy,97.17,42.29,8.08,34.91,21.49,70.92,202.81,917.77,1.05,74.91
M'Sila,2002,12,42.76,Manzanilla,Drip,Sandy,105.72,12.68,10.02,26.87,18.45,104.24,247.99,747.99,3.82,106.0
